{"main":"anything.core","preloads":["figwheel.core","figwheel.main","figwheel.repl.preload","devtools.preload","figwheel.main.system_exit","figwheel.main.css_reload"],"output-to":"target\/public\/cljs-out\/anything-main.js","output-dir":"target\/public\/cljs-out\/anything","asset-path":"\/cljs-out\/anything","aot-cache":false,"closure-defines":{"figwheel.repl.connect_url":"ws:\/\/localhost:9500\/figwheel-connect?fwprocess=a63c85&fwbuild=anything"},"repl-requires":[["figwheel.repl","refer-macros",["conns","focus"]],["figwheel.main","refer-macros",["stop-builds","start-builds","build-once","reset","clean","status"]],["cljs.pprint","refer",["pprint"],"refer-macros",["pp"]],["cljs.repl","refer-macros",["source","doc","find-doc","apropos","dir","pst"]]]}