["^ ","~:rename-macros",["^ "],"~:renames",["^ "],"~:externs",["^ ","~$goog",["^ ","~$DEBUG",["^ "]]],"~:use-macros",["^ ","~$validate-args-macro","~$re-com.validate","~$handler-fn","~$re-com.core","~$at","^9"],"~:excludes",["~#set",[]],"~:name","~$re-com.multi-select","~:imports",null,"~:requires",["^ ","~$re-com.debug","^A","~$set","~$clojure.set","~$reagent","~$reagent.core","~$re-com.util","^F","~$gstring","~$goog.string","~$text","~$re-com.text","^J","^J","^H","^H","~$re-com.box","^K","^E","^E","~$buttons","~$re-com.buttons","~$validate","^7","~$rc.util","^F","~$close-button","~$re-com.close-button","^C","^C","~$box","^K","^Q","^Q","~$string","~$clojure.string","^M","^M","^7","^7","~$re-com.input-text","^U","^T","^T","~$re-com.config","^V"],"~:cljs.spec/speced-vars",[],"~:uses",["^ ","~$parts?","^7","~$deref-or-value","^F","~$->attr","^A","~$input-text","^U","~$include-args-desc?","^V","~$string-or-hiccup?","^7"],"~:defs",["^ ","~$list-box",["^ ","~:protocol-inline",null,"~:meta",["^ ","~:file","/Users/jb/tmp/anything-neu/target/public/cljs-out/anything/re_com/multi_select.cljs","~:line",146,"~:column",7,"~:end-line",146,"~:end-column",15,"~:arglists",["~#list",["~$quote",["^1=",[["~$&",["^ ","~:keys",["~$items","~$id-fn","~$label-fn","~$group-fn","~$disabled?","~$*current-item-id","~$group-heading-selected?","~$click-callback","~$double-click-callback","~$filter-choices-text","~$src"]]]]]]],"~:doc","Render a list box which can be a single list or a grouped list","~:top-fn",["^ ","~:variadic?",true,"~:fixed-arity",0,"~:max-fixed-arity",0,"~:method-params",[["^1=",[["^ ","^1?",["^1@","^1A","^1B","^1C","^1D","^1E","^1F","^1G","^1H","^1I","^1J"]]]]],"^1<",["^1=",[["~$&",["^ ","^1?",["^1@","^1A","^1B","^1C","^1D","^1E","^1F","^1G","^1H","^1I","^1J"]]]]],"~:arglists-meta",["^1=",[null]]]],"^=","~$re-com.multi-select/list-box","^17","target/public/cljs-out/anything/re_com/multi_select.cljs","^1;",15,"^1L",["^ ","^1M",true,"^1N",0,"^1O",0,"^1P",[["^1=",[["^ ","^1?",["^1@","^1A","^1B","^1C","^1D","^1E","^1F","^1G","^1H","^1I","^1J"]]]]],"^1<",["^1=",[["~$&",["^ ","^1?",["^1@","^1A","^1B","^1C","^1D","^1E","^1F","^1G","^1H","^1I","^1J"]]]]],"^1Q",["^1=",[null]]],"^1P",[["^1=",[["^ ","^1?",["^1@","^1A","^1B","^1C","^1D","^1E","^1F","^1G","^1H","^1I","^1J"]]]]],"~:protocol-impl",null,"^1N",0,"^1Q",["^1=",[null]],"^19",1,"^1M",true,"~:methods",[["^ ","^1N",0,"^1M",true,"~:tag","~$cljs.core/IVector"]],"^18",146,"~:ret-tag","~$any","^1:",146,"^1O",0,"~:fn-var",true,"^1<",["^1=",[["~$&",["^ ","^1?",["^1@","^1A","^1B","^1C","^1D","^1E","^1F","^1G","^1H","^1I","^1J"]]]]],"^1K","Render a list box which can be a single list or a grouped list"],"~$multi-select-args-desc",["^ ","^=","~$re-com.multi-select/multi-select-args-desc","^17","target/public/cljs-out/anything/re_com/multi_select.cljs","^18",237,"^19",1,"^1:",237,"^1;",28,"^16",["^ ","^17","/Users/jb/tmp/anything-neu/target/public/cljs-out/anything/re_com/multi_select.cljs","^18",237,"^19",6,"^1:",237,"^1;",28],"^1U",["^<",["^1V","~$clj-nil"]]],"~$multi-select-parts",["^ ","^=","~$re-com.multi-select/multi-select-parts","^17","target/public/cljs-out/anything/re_com/multi_select.cljs","^18",233,"^19",1,"^1:",233,"^1;",24,"^16",["^ ","^17","/Users/jb/tmp/anything-neu/target/public/cljs-out/anything/re_com/multi_select.cljs","^18",233,"^19",6,"^1:",233,"^1;",24],"^1U",["^<",["~$clj","^1X","~$cljs.core/ISet","~$cljs.core/MetaFn","^20"]]],"~$filter-text-box",["^ ","^15",null,"^16",["^ ","^17","/Users/jb/tmp/anything-neu/target/public/cljs-out/anything/re_com/multi_select.cljs","^18",65,"^19",7,"^1:",65,"^1;",22,"^1<",["^1=",["^1>",["^1=",[["~$*filter-text","~$placeholder","~$*warning-message","^1D","~$parts"]]]]],"^1K","Base function (before lifecycle metadata) to render a filter text box"],"^=","~$re-com.multi-select/filter-text-box","^17","target/public/cljs-out/anything/re_com/multi_select.cljs","^1;",22,"^1P",["^1=",[["^27","^28","^29","^1D","^2:"]]],"^1S",null,"^1Q",["^1=",[null,null]],"^19",1,"^1M",false,"^18",65,"^1W","^1V","^1:",65,"^1O",5,"^1Y",true,"^1<",["^1=",["^1>",["^1=",[["^27","^28","^29","^1D","^2:"]]]]],"^1K","Base function (before lifecycle metadata) to render a filter text box"],"~$multi-select",["^ ","^15",null,"^16",["^ ","^17","/Users/jb/tmp/anything-neu/target/public/cljs-out/anything/re_com/multi_select.cljs","^18",265,"^19",7,"^1:",265,"^1;",19,"^1<",["^1=",["^1>",["^1=",[["~$&",["^ ","^1?",["~$model","~$sort-fn","^1J"],"~:or",["^ ","^2>","~$identity"],"~:as","~$args"]]]]]],"^1K","Render a multi-select component which emulates the bootstrap-choosen style. Sample choices object:\n  [{:id \"AU\" :label \"Australia\"      :group \"Group 1\"}\n   {:id \"US\" :label \"United States\"  :group \"Group 1\"}\n   {:id \"GB\" :label \"United Kingdom\" :group \"Group 1\"}\n   {:id \"AF\" :label \"Afghanistan\"    :group \"Group 2\"}]","^1L",["^ ","^1M",true,"^1N",0,"^1O",0,"^1P",[["^1=",[["^ ","^1?",["^2=","^2>","^1J"],"^2?",["^ ","^2>","^2@"],"^2A","^2B"]]]],"^1<",["^1=",[["~$&",["^ ","^1?",["^2=","^2>","^1J"],"^2?",["^ ","^2>","^2@"],"^2A","^2B"]]]],"^1Q",["^1=",[null]]]],"^=","~$re-com.multi-select/multi-select","^17","target/public/cljs-out/anything/re_com/multi_select.cljs","^1;",19,"^1L",["^ ","^1M",true,"^1N",0,"^1O",0,"^1P",[["^1=",[["^ ","^1?",["^2=","^2>","^1J"],"^2?",["^ ","^2>","^2@"],"^2A","^2B"]]]],"^1<",["^1=",[["~$&",["^ ","^1?",["^2=","^2>","^1J"],"^2?",["^ ","^2>","^2@"],"^2A","^2B"]]]],"^1Q",["^1=",[null]]],"^1P",[["^1=",[["^ ","^1?",["^2=","^2>","^1J"],"^2?",["^ ","^2>","^2@"],"^2A","^2B"]]]],"^1S",null,"^1N",0,"^1Q",["^1=",[null]],"^19",1,"^1M",true,"^1T",[["^ ","^1N",0,"^1M",true,"^1U",["^<",["^1V","~$function"]]]],"^18",265,"^1W","^1X","^1:",265,"^1O",0,"^1Y",true,"^1<",["^1=",[["~$&",["^ ","^1?",["^2=","^2>","^1J"],"^2?",["^ ","^2>","^2@"],"^2A","^2B"]]]],"^1K","Render a multi-select component which emulates the bootstrap-choosen style. Sample choices object:\n  [{:id \"AU\" :label \"Australia\"      :group \"Group 1\"}\n   {:id \"US\" :label \"United States\"  :group \"Group 1\"}\n   {:id \"GB\" :label \"United Kingdom\" :group \"Group 1\"}\n   {:id \"AF\" :label \"Afghanistan\"    :group \"Group 2\"}]"],"~$group-heading-item",["^ ","^15",null,"^16",["^ ","^17","/Users/jb/tmp/anything-neu/target/public/cljs-out/anything/re_com/multi_select.cljs","^18",98,"^19",7,"^1:",98,"^1;",25,"^1<",["^1=",["^1>",["^1=",[[]]]]],"^1K","Render a group heading and set up appropriate mouse events"],"^=","~$re-com.multi-select/group-heading-item","^17","target/public/cljs-out/anything/re_com/multi_select.cljs","^1;",25,"^1P",["^1=",[[]]],"^1S",null,"^1Q",["^1=",[null,null]],"^19",1,"^1M",false,"^18",98,"^1W","^2D","^1:",98,"^1O",0,"^1Y",true,"^1<",["^1=",["^1>",["^1=",[[]]]]],"^1K","Render a group heading and set up appropriate mouse events"],"~$list-item",["^ ","^15",null,"^16",["^ ","^17","/Users/jb/tmp/anything-neu/target/public/cljs-out/anything/re_com/multi_select.cljs","^18",123,"^19",7,"^1:",123,"^1;",16,"^1<",["^1=",["^1>",["^1=",[[]]]]],"^1K","Render a list item and set up appropriate mouse events"],"^=","~$re-com.multi-select/list-item","^17","target/public/cljs-out/anything/re_com/multi_select.cljs","^1;",16,"^1P",["^1=",[[]]],"^1S",null,"^1Q",["^1=",[null,null]],"^19",1,"^1M",false,"^18",123,"^1W","^2D","^1:",123,"^1O",0,"^1Y",true,"^1<",["^1=",["^1>",["^1=",[[]]]]],"^1K","Render a list item and set up appropriate mouse events"],"~$multi-select-parts-desc",["^ ","^=","~$re-com.multi-select/multi-select-parts-desc","^17","target/public/cljs-out/anything/re_com/multi_select.cljs","^18",201,"^19",1,"^1:",201,"^1;",29,"^16",["^ ","^17","/Users/jb/tmp/anything-neu/target/public/cljs-out/anything/re_com/multi_select.cljs","^18",201,"^19",6,"^1:",201,"^1;",29],"^1U",["^<",["^1V","^20"]]],"~$items-with-group-headings",["^ ","^15",null,"^16",["^ ","^17","/Users/jb/tmp/anything-neu/target/public/cljs-out/anything/re_com/multi_select.cljs","^18",20,"^19",7,"^1:",20,"^1;",32,"^1<",["^1=",["^1>",["^1=",[["^1@","^1C","^1A"]]]]],"^1K","Split a list of maps by a group key then return both the group"],"^=","~$re-com.multi-select/items-with-group-headings","^17","target/public/cljs-out/anything/re_com/multi_select.cljs","^1;",32,"^1P",["^1=",[["^1@","^1C","^1A"]]],"^1S",null,"^1Q",["^1=",[null,null]],"^19",1,"^1M",false,"^18",20,"^1W","^1V","^1:",20,"^1O",3,"^1Y",true,"^1<",["^1=",["^1>",["^1=",[["^1@","^1C","^1A"]]]]],"^1K","Split a list of maps by a group key then return both the group"],"~$filter-items",["^ ","^15",null,"^16",["^ ","^17","/Users/jb/tmp/anything-neu/target/public/cljs-out/anything/re_com/multi_select.cljs","^18",39,"^19",7,"^1:",39,"^1;",19,"^1<",["^1=",["^1>",["^1=",[["^1C","^1B","~$filter-text"]]]]],"^1K","Filter a list of items based on a filter string using plain string searches (case insensitive). Less powerful\n   than regex's but no confusion with reserved characters"],"^=","~$re-com.multi-select/filter-items","^17","target/public/cljs-out/anything/re_com/multi_select.cljs","^1;",19,"^1P",["^1=",[["^1C","^1B","^2N"]]],"^1S",null,"^1Q",["^1=",[null,null]],"^19",1,"^1M",false,"^18",39,"^1W","^2D","^1:",39,"^1O",3,"^1Y",true,"^1<",["^1=",["^1>",["^1=",[["^1C","^1B","^2N"]]]]],"^1K","Filter a list of items based on a filter string using plain string searches (case insensitive). Less powerful\n   than regex's but no confusion with reserved characters"],"~$filter-items-regex",["^ ","^15",null,"^16",["^ ","^17","/Users/jb/tmp/anything-neu/target/public/cljs-out/anything/re_com/multi_select.cljs","^18",52,"^19",7,"^1:",52,"^1;",25,"^1<",["^1=",["^1>",["^1=",[["^1C","^1B","^2N"]]]]],"^1K","Filter a list of items based on a filter string using regex's (case insensitive). More powerful but can cause\n   confusion for users entering reserved characters such as [ ] * + . ( ) etc."],"^=","~$re-com.multi-select/filter-items-regex","^17","target/public/cljs-out/anything/re_com/multi_select.cljs","^1;",25,"^1P",["^1=",[["^1C","^1B","^2N"]]],"^1S",null,"^1Q",["^1=",[null,null]],"^19",1,"^1M",false,"^18",52,"^1W","^2D","^1:",52,"^1O",3,"^1Y",true,"^1<",["^1=",["^1>",["^1=",[["^1C","^1B","^2N"]]]]],"^1K","Filter a list of items based on a filter string using regex's (case insensitive). More powerful but can cause\n   confusion for users entering reserved characters such as [ ] * + . ( ) etc."]],"~:cljs.spec/registry-ref",[],"~:require-macros",["^ ","^9","^9","^7","^7","^N","^7","^D","^E","^E","^E"],"~:cljs.analyzer/constants",["^ ","~:seen",["^<",["~:description","~:filter-text-box","~:tab-index","~:li.no-results","~:selected-item-id","~:middle-bottom-spacer","~:label-fn","~:right-label-item-count","~:required?","~:children","~:align","~:left-label-item-count","~:include-all-button","~:right-label-container","~:middle-spacer","~:sort-fn","~:re-com.multi-select/$$$","~:left-filter-result-count","~:max-height","~:group","~:color","~:text-align","~:group-selected?","~:key","~:left-offset","~:placeholder","~:double-click-callback","~:else","~:font-size","~:exclude-selected-button","~:top","~:font-variant","~:font-weight","~:li.group-result","~:on-mouse-out","~:justify","~:default","~:overflow","~:strong","~:include-selected-button","^=","~:li","~:max-selected-items","~:item","^17","~:background-color","~:parts","~:click-callback","~:width","~:start","~:*current-item-id","~:div-size","~:ul.chosen-results","~:between","~:cursor","~:type","~:regex-filter?","~:src","~:choices","~:id-fn","~:right-label","~:on-click","~:right-list-box","~:size","~:center","~:style","~:level","~:div","~:<>","~:z-index","~:debug-as","~:filter-choices-text","~:left-label-container","^18","~:padding-left","~:opacity","~:on-double-click","~:label","~:id","~:class","~:padding","~:exclude-all-button","~:change-on-blur?","~:container","~:left-list-box","~:gap","~:right-filter-result-count","~:code","~:animation-duration","~:right","~:position","~:filter-box?","~:group-heading-selected?","~:validate-fn","~:br","~:on-mouse-over","~:child","~:middle","~:legacy","~:filter-input-text","~:items","~:align-self","~:middle-top-spacer","~:on-change","~:border","~:group-fn","~:disabled?","~:border-radius","~:pointer-events","~:filter-reset-button","~:impl","~:middle-container","~:i","~:required","~:animation-name","~:height","~:left-label","~:heading","~:left","~:warning-message","~:span","~:margin","~:model","~:attr"]],"~:order",["^4I","^3=","^3E","^4J","^2W","^5I","^3X","^34","^4<","^4=","^4U","^33","^52","^5H","^4M","^3C","^5A","^4K","^56","^5<","^49","^3[","^3F","^3B","^5C","^59","^3W","^3D","^2Z","^3K","^4Z","^3L","^4G","^4E","^42","^3>","^5;","^3T","^47","^30","^3@","^3R","^3U","^53","^58","^3Z","^45","^4C","^4W","^3A","^4;","^57","^5:","^4[","^40","^3<","^2Y","^43","^4>","^5=","^51","^=","^4N","^5D","^4D","^5B","^35","^4O","^3;","^5>","^55","^50","^36","^3Q","^3G","^4L","^2[","^4T","^5E","^37","^48","^31","^4:","^4Q","^5?","^4X","^2V","^46","^5F","^4R","^3N","^4H","^39","^32","^3S","^4V","^44","^2X","^4Y","^3V","^4B","^5G","^3?","^3I","^3:","^4?","^54","^3Y","^3O","^17","^18","^4P","^3M","^41","^3J","^4@","^3P","^38","~:i","^3H","^4A","^4F","^4S","^5@"]],"^1K",null,"~:as-aliases",["^ "]]